{"cameraMode":{"drawMode":0,"name":"Shaded","section":"Shading Mode"},"sceneLighting":true,"audioPlay":false,"sceneViewState":{"showFog":true,"showMaterialUpdate":false,"showSkybox":true,"showFlares":true,"showImageEffects":true,"showParticleSystems":true},"in2DMode":false,"pivot":{"x":7.732847213745117,"y":4.879614353179932,"z":-3.720240831375122},"rotation":{"x":-0.12122252583503723,"y":0.7190590500831604,"z":-0.12973278760910035,"w":-0.6718902587890625},"size":1.2247449159622193,"orthographic":false}